Consultas principales,Clics,Impresiones,CTR,Posición
fideltour,2158.0,6665.0,0.32380000000000003,1.22
fidel tour,80.0,316.0,0.2532,1.28
fideltur,77.0,477.0,0.16140000000000002,1.41
fideltour login,61.0,101.0,0.604,1.0
internet hotspot login,19.0,1056.0,0.018000000000000002,7.94
crm hotelero,12.0,4630.0,0.0026,19.12
fideltour crm,10.0,23.0,0.43479999999999996,1.0
club plaza,9.0,281.0,0.032,11.62
fideltour.com,7.0,193.0,0.0363,1.0
crm para hoteles,6.0,2596.0,0.0023,13.39
mamaroa@fideltour.com,6.0,39.0,0.15380000000000002,1.0
mikrotik hotspot,5.0,218.0,0.0229,8.87
hotspot mikrotik,5.0,197.0,0.0254,8.53
https://internethotspot.link/login,4.0,60.0,0.0667,2.33
keytel,3.0,3184.0,0.0009,7.81
landing page hotel,3.0,603.0,0.005,19.07
axel and you,2.0,180.0,0.0111,3.27
internet hotspot > login,2.0,96.0,0.0208,7.31
hoteles whatsapp,2.0,49.0,0.0408,5.9
hotel landing page,2.0,40.0,0.05,5.9
fidel academy,2.0,24.0,0.0833,7.38
booking pms,2.0,9.0,0.22219999999999998,127.67
hotel crm,1.0,3487.0,0.0003,25.53
crm hotel,1.0,1955.0,0.0005,15.89
redes sociales para hoteles,1.0,809.0,0.0012,12.11
dishot,1.0,433.0,0.0023,8.28
hotel whatsapp,1.0,391.0,0.0026,10.45
hotel cdp,1.0,235.0,0.0043,7.98
hotel marketing automation,1.0,210.0,0.0048,16.23
encuesta hotel,1.0,149.0,0.0067,15.15
encuesta satisfaccion hotel,1.0,143.0,0.006999999999999999,15.22
configurar hotspot mikrotik,1.0,117.0,0.0085,25.17
keytel extranet login,1.0,108.0,0.009300000000000001,5.98
integraciones pms,1.0,106.0,0.009399999999999999,12.97
gestion redes sociales hoteles,1.0,103.0,0.0097,10.68
fidel hotel,1.0,89.0,0.011200000000000002,9.13
fedel tours,1.0,43.0,0.0233,5.4
roiback iniciar sesion,1.0,35.0,0.0286,6.86
hotspot server profile mikrotik,1.0,28.0,0.035699999999999996,7.46
encuestas de hoteles,1.0,28.0,0.035699999999999996,9.11
cdp hotels,1.0,22.0,0.0455,5.09
fidetur,1.0,20.0,0.05,4.2
landing page turismo,1.0,7.0,0.1429,12.43
b2b hotels,1.0,7.0,0.1429,20.71
hotel landing pages,1.0,6.0,0.16670000000000001,33.5
fidel tur,1.0,5.0,0.2,2.8
tendencias hoteleras 2026,1.0,3.0,0.3333,5.33
como fidelizar al cliente ejemplos,1.0,1.0,1.0,1.0
marketing digital para hoteles,0.0,2967.0,0.0,39.95
email marketing para hoteles,0.0,2923.0,0.0,69.68
marketing para hoteles,0.0,2509.0,0.0,53.96
"""booking engine integration for",0.0,2067.0,0.0,8.53
crm hoteles,0.0,2020.0,0.0,9.51
marketing online hoteles,0.0,1755.0,0.0,36.6
marketing hoteles,0.0,1745.0,0.0,48.91
marketing online para hoteles,0.0,1608.0,0.0,37.86
auditoria gratis,0.0,1567.0,0.0,22.11
integraciones pms hotel,0.0,1176.0,0.0,11.16
estrategias de marketing digital para hoteles,0.0,1112.0,0.0,37.51
programa de recompensas para hoteles,0.0,1111.0,0.0,48.47
hotel online marketing,0.0,945.0,0.0,45.85
hotel pms integration,0.0,902.0,0.0,11.74
reputacion online hoteles,0.0,892.0,0.0,33.42
email marketing hoteles,0.0,882.0,0.0,54.61
hotel customer loyalty,0.0,812.0,0.0,63.0
reputación online hoteles,0.0,774.0,0.0,32.16
"plataforma gratuita para hoteles gestión huéspedes campañas marketing 
programas fidelización",0.0,735.0,0.0,8.41
auditoria digital gratis,0.0,715.0,0.0,62.42
integración pms para hotel,0.0,712.0,0.0,9.18
estrategias de fidelización,0.0,665.0,0.0,28.39
venta directa hoteles,0.0,644.0,0.0,19.8
hotel pms integration solution,0.0,633.0,0.0,5.0
marketing para un hotel,0.0,630.0,0.0,52.17
hotel marketing,0.0,603.0,0.0,64.21
online hotel marketing,0.0,563.0,0.0,21.49
software crm hoteles,0.0,546.0,0.0,14.81
integracion check in pms,0.0,542.0,0.0,60.24
estrategias de fidelizacion,0.0,535.0,0.0,47.36
alojamiento crm,0.0,525.0,0.0,30.78
mejorar tasa apertura newsletter,0.0,524.0,0.0,77.09
landing page,0.0,508.0,0.0,1.09
marketing de hoteles,0.0,501.0,0.0,69.3
plataforma gratuita hoteles crm marketing fidelización,0.0,496.0,0.0,1.55
inbound marketing para hoteles,0.0,491.0,0.0,10.83
gestión comercial para hoteles,0.0,478.0,0.0,24.93
agencia digital para hoteles,0.0,452.0,0.0,70.27
hotel surveys,0.0,439.0,0.0,33.01
hotel survey,0.0,435.0,0.0,58.91
tasa de apertura de email marketing,0.0,422.0,0.0,59.55
encuestas de marketing para hoteles,0.0,415.0,0.0,5.7
webs para hoteles con integración de reservas,0.0,410.0,0.0,28.18
campañas de marketing hoteles,0.0,410.0,0.0,42.73
serviço ao cliente digital para hotéis,0.0,409.0,0.0,47.97
customer loyalty in hotels,0.0,404.0,0.0,67.03
bookassist,0.0,391.0,0.0,8.32
hotel internet marketing,0.0,382.0,0.0,39.98
marketplace hotelero,0.0,381.0,0.0,7.68
hotel captive portal,0.0,381.0,0.0,8.49
crm para hotel,0.0,376.0,0.0,27.09
crm hostelería,0.0,370.0,0.0,57.07
software crm para hoteles,0.0,365.0,0.0,13.8
software de marketing digital para hoteles,0.0,342.0,0.0,31.5
gestion redes sociales para hoteles,0.0,340.0,0.0,4.88
www.fidel,0.0,338.0,0.0,7.8
encuestas hoteles,0.0,332.0,0.0,12.28
inbound marketing hotel,0.0,325.0,0.0,21.89
fidel partners,0.0,322.0,0.0,47.79
fidelización hotel,0.0,319.0,0.0,8.63
inbound marketing hoteles,0.0,316.0,0.0,8.34
gestion comercial para hoteles,0.0,306.0,0.0,41.05
fidelización de clientes en hoteles,0.0,305.0,0.0,22.25
crm para hotéis,0.0,298.0,0.0,12.61
gestion de reputacion online para hoteles,0.0,298.0,0.0,39.51
google hotel ads guia,0.0,289.0,0.0,69.71
estrategias de redes sociales para hoteles,0.0,283.0,0.0,41.46
agencia de marketing hotelero,0.0,283.0,0.0,48.16
como gestionar las opiniones online de tu hotel,0.0,281.0,0.0,27.95
reputacion online para hoteles,0.0,279.0,0.0,28.63
marketing digital omnicanal para hoteles,0.0,277.0,0.0,34.88
estrategias de fidelización de clientes en hoteles,0.0,271.0,0.0,23.27
email marketing para hoteles y casas rurales,0.0,269.0,0.0,71.96
hotel loyalty software,0.0,261.0,0.0,87.59
aumentar conversión web de tu hotel,0.0,252.0,0.0,60.86
managed captive portal for hotels,0.0,250.0,0.0,7.06
plataforma gratuita para hoteles gestión huéspedes marketing fidelización,0.0,247.0,0.0,6.95
hotel wifi captive portal,0.0,244.0,0.0,19.59
crm sector turístico,0.0,244.0,0.0,43.84
whatsapp for hotels,0.0,238.0,0.0,8.47
booking engine that integrates with crm,0.0,234.0,0.0,6.13
plataforma fidelizacion centralizar la informacion,0.0,229.0,0.0,3.77
club de fidelización de clientes,0.0,229.0,0.0,81.92
estrategia de marketing online para hoteles,0.0,226.0,0.0,11.08
marketing de contenidos para hoteles,0.0,225.0,0.0,20.72
marketing digital ventas hoteles industria hotelera,0.0,222.0,0.0,21.07
marketing digital hotelero,0.0,215.0,0.0,21.58
promocion hotelera,0.0,214.0,0.0,73.08
facebook para hoteles,0.0,211.0,0.0,30.13
cuanto vale llevar las redes sociales de un hotel,0.0,208.0,0.0,25.03
campaña de comunicación hotel,0.0,207.0,0.0,49.58
tasa de apertura email marketing,0.0,204.0,0.0,48.28
reservas ttoo y otas,0.0,203.0,0.0,13.25
plan de comunicación de un hotel,0.0,201.0,0.0,68.63
analisis datos comportamiento hoteles,0.0,199.0,0.0,14.95
plan de marketing digital para hoteles,0.0,195.0,0.0,8.13
marketing automation for hotels,0.0,195.0,0.0,14.93
estrategia marketing digital para hoteles,0.0,190.0,0.0,20.08
marketing digital hoteles,0.0,190.0,0.0,36.14
marketing digital para hotel,0.0,190.0,0.0,39.36
ppc para hoteles,0.0,188.0,0.0,79.21
programa fidelizacion centralizar la informacion,0.0,187.0,0.0,4.92
encuesta de satisfaccion del cliente hotel,0.0,186.0,0.0,19.49
marketing de hotel,0.0,186.0,0.0,48.77
black friday spa,0.0,185.0,0.0,31.75
hotspot hotel,0.0,184.0,0.0,79.52
plan de marketing digital para un hotel,0.0,183.0,0.0,7.55
marketing digital para hoteles y agencias de viajes,0.0,183.0,0.0,47.41
crm para casas rurales,0.0,183.0,0.0,55.84
fidelizacion hotel,0.0,181.0,0.0,18.95
estrategia hotelera,0.0,181.0,0.0,54.67
estrategia fidelización hotel,0.0,180.0,0.0,4.45
hotel digital marketing,0.0,179.0,0.0,46.23
herramientas de fidelización para hoteles,0.0,176.0,0.0,3.36
software fidelizacion centralizar la informacion,0.0,176.0,0.0,6.02
marketing automation hospitality,0.0,176.0,0.0,10.4
auditoria turistica baleares,0.0,175.0,0.0,12.05
verificación doble opt in,0.0,172.0,0.0,41.93
sms hotel,0.0,171.0,0.0,5.46
consejos de marketing digital para hoteles,0.0,170.0,0.0,12.28
marketing digital hotel,0.0,170.0,0.0,34.67
marketplace internacional hoteles,0.0,169.0,0.0,41.9
plataforma e mail marketing para hoteles,0.0,168.0,0.0,27.62
estrategias hoteleras,0.0,168.0,0.0,39.93
crm fidelizacion,0.0,168.0,0.0,61.23
páginas web para aumentar ventas de hoteles,0.0,167.0,0.0,58.05
hotel fidel,0.0,166.0,0.0,23.64
estrategia de marketing para hoteles,0.0,166.0,0.0,42.65
whatsapp hotel,0.0,164.0,0.0,9.9
pms integration,0.0,164.0,0.0,18.44
mercado de producto de hotel,0.0,164.0,0.0,57.6
como hacer un plan de marketing para un hotel,0.0,162.0,0.0,22.31
estrategias de marketing digital para hoteles de lujo,0.0,160.0,0.0,36.08
e-mail marketing para hotel,0.0,160.0,0.0,41.84
hotel funnel crm,0.0,159.0,0.0,13.45
redes sociales hotel,0.0,158.0,0.0,7.77
segmento de mercado hotelero,0.0,157.0,0.0,9.57
plan de marketing para un hotel,0.0,154.0,0.0,24.65
tendencias en marketing hotelero,0.0,153.0,0.0,9.27
social media marketing para hoteles,0.0,153.0,0.0,14.48
mejorar reputación online hotel,0.0,153.0,0.0,18.65
aumentar ventas directas hotel,0.0,152.0,0.0,22.06
email marketing para turismo,0.0,152.0,0.0,80.01
marketing en redes sociales para hoteles,0.0,151.0,0.0,8.29
campañas de marketing para hoteles,0.0,151.0,0.0,21.7
software de marketing y promoción digital para hoteles,0.0,151.0,0.0,24.78
email marketing hotelero,0.0,150.0,0.0,41.69
como elaborar un plan de marketing para un hotel,0.0,149.0,0.0,41.7
página web optimizada para reservas hoteleras,0.0,149.0,0.0,87.46
gestión de redes sociales hoteles,0.0,148.0,0.0,8.59
ventajas del cpc en marketing para hoteles,0.0,147.0,0.0,4.19
ideas de marketing para hoteles,0.0,147.0,0.0,30.02
modular customer loyalty platform,0.0,147.0,0.0,71.24
propuesta de estrategia de marketing para hoteles,0.0,146.0,0.0,30.92
plataforma de marketing hotelero,0.0,145.0,0.0,6.52
tasa apertura email marketing,0.0,144.0,0.0,67.47
sistema fidelizacion centralizar la informacion,0.0,143.0,0.0,11.22
grupo empresarial turístico b2b,0.0,143.0,0.0,18.71
hotel customer loyalty program,0.0,143.0,0.0,67.48
consejos de marketing para hoteles,0.0,142.0,0.0,27.49
organization of product launches in costa adeje,0.0,142.0,0.0,30.84
crm turismo,0.0,142.0,0.0,79.63
consejo marketing para hoteles,0.0,139.0,0.0,21.16
black friday hoteles barcelona,0.0,139.0,0.0,53.49
plan de marketing para hotel,0.0,138.0,0.0,25.33
plan de marketing para hoteles,0.0,135.0,0.0,37.81
whatsapp for hospitality,0.0,134.0,0.0,15.7
auditoría gratuita,0.0,134.0,0.0,31.69
oferta black friday hotel barcelona,0.0,134.0,0.0,46.95
keytel reservas,0.0,133.0,0.0,10.18
einnova b2b,0.0,133.0,0.0,30.47
hotel guest loyalty,0.0,133.0,0.0,61.49
chatbot hoteles,0.0,132.0,0.0,17.87
tecnicas de fidelizacion,0.0,132.0,0.0,55.57
fidelizacion centralizar la informacion,0.0,131.0,0.0,30.57
marketing para hoteles barcelona,0.0,131.0,0.0,44.12
como mejorar la tasa de apertura,0.0,131.0,0.0,58.05
email marketing para hotel,0.0,131.0,0.0,69.89
ideas de marketing para un hotel,0.0,130.0,0.0,29.19
encuesta de satisfaccion hotel,0.0,130.0,0.0,31.42
como aumentar ratio apertura emails,0.0,130.0,0.0,69.57
encuesta para hoteles,0.0,129.0,0.0,15.86
cómo fidelizar a los huéspedes de mi hotel,0.0,129.0,0.0,21.12
hoteles loyat,0.0,129.0,0.0,34.53
marketing digital estratégico hotel,0.0,126.0,0.0,16.57
marketing para hoteles nuevos,0.0,126.0,0.0,18.98
gestion de redes para hoteles,0.0,125.0,0.0,5.3
herramienta fidelizacion centralizar la informacion,0.0,125.0,0.0,10.96
mejorar venta directa hotel,0.0,125.0,0.0,35.07
google analytics para hoteles,0.0,125.0,0.0,73.36
negociar precio hotel,0.0,124.0,0.0,52.02
empresa de marketing para hoteles,0.0,124.0,0.0,77.48
plataforma crm fidelizar clientes,0.0,123.0,0.0,52.29
desarrollo chatbot hoteles,0.0,122.0,0.0,14.33
marketing directo para hoteles,0.0,121.0,0.0,54.61
hotspot login,0.0,121.0,0.0,73.26
tendencia hotelera,0.0,120.0,0.0,7.05
hoteles refineria,0.0,120.0,0.0,28.7
solución encuestas fidelizar clientes,0.0,120.0,0.0,31.85
blog fidelización,0.0,120.0,0.0,37.08
crm en hoteles,0.0,119.0,0.0,22.55
hospitality surveys,0.0,118.0,0.0,48.21
que es la tasa de apertura,0.0,118.0,0.0,78.31
keytel extranet,0.0,117.0,0.0,6.7
aplicación portal clientes fidelizar clientes,0.0,117.0,0.0,47.29
programa fidelizacion fácil fidelizar clientes,0.0,117.0,0.0,53.43
landing page para eventos,0.0,117.0,0.0,71.17
mejorar fidelización huéspedes hoteles,0.0,116.0,0.0,10.5
software fidelizacion fácil fidelizar clientes,0.0,116.0,0.0,30.6
como llevar las redes sociales de un hotel,0.0,115.0,0.0,21.23
portal clientes fidelizar clientes,0.0,115.0,0.0,29.7
marketing digital para cadenas hoteleras,0.0,114.0,0.0,21.99
programa portal clientes fidelizar clientes,0.0,114.0,0.0,32.75
encuestas fidelizar clientes,0.0,113.0,0.0,49.08
gestión de reputación para hoteles,0.0,113.0,0.0,55.17
aplicación instaladores fácil fidelizar clientes,0.0,113.0,0.0,66.65
sem para hoteles,0.0,113.0,0.0,70.56
software fidelizacion fácil,0.0,113.0,0.0,72.75
importancia comunicación post-estancia hoteles fidelización clientes,0.0,112.0,0.0,2.52
hotel lujo barcelona black friday,0.0,112.0,0.0,14.32
marleting online para hoteles,0.0,112.0,0.0,29.2
estrategias de marketing digital para el sector hotelero,0.0,112.0,0.0,32.79
software sencillo fidelizar clientes,0.0,112.0,0.0,62.9
programa encuestas fidelizar clientes,0.0,112.0,0.0,76.12
plataforma crm fácil fidelizar clientes,0.0,111.0,0.0,46.18
segmentacion de mercado de un hotel ejemplo,0.0,111.0,0.0,55.03
marketing mediante portales cautivos,0.0,111.0,0.0,59.76
plan de marketing para un hotel boutique,0.0,110.0,0.0,26.58
marketing b2b para hoteles,0.0,110.0,0.0,34.36
consentimientos rgpd,0.0,110.0,0.0,59.11
herramienta fidelizacion fácil fidelizar clientes,0.0,110.0,0.0,67.47
aplicación encuestas fidelizar clientes,0.0,109.0,0.0,70.61
aplicación portal clientes fácil fidelizar clientes,0.0,108.0,0.0,23.43
software fidelizacion sencillo fidelizar clientes,0.0,108.0,0.0,62.75
email marketing hotel,0.0,108.0,0.0,74.65
ejemplo de marketing mix para un hotel,0.0,107.0,0.0,50.5
herramienta fidelizacion sencillo,0.0,107.0,0.0,56.58
pms integration tablet hotel,0.0,106.0,0.0,58.89
estartegia marketing para hoteles,0.0,105.0,0.0,29.48
venta online hoteles,0.0,105.0,0.0,69.61
campañas de publicidad de hoteles,0.0,105.0,0.0,73.79
cdp full form in hotel,0.0,104.0,0.0,11.18
sistema fidelizacion fácil fidelizar clientes,0.0,104.0,0.0,43.87
solución fidelizacion centralizar la informacion,0.0,104.0,0.0,59.75
herramienta fidelizacion fácil,0.0,104.0,0.0,60.4
b2b hotel tool,0.0,103.0,0.0,3.54
programa portal clientes fácil fidelizar clientes,0.0,103.0,0.0,20.99
software portal clientes fidelizar clientes,0.0,103.0,0.0,49.99
guia hotel ads,0.0,103.0,0.0,50.13
crm microsoft hoteles,0.0,103.0,0.0,54.57
programa fácil fidelizar clientes,0.0,103.0,0.0,57.31
sistema fidelizacion sencillo fidelizar clientes,0.0,103.0,0.0,78.5
programa encuestas fácil fidelizar clientes,0.0,102.0,0.0,57.82
software fidelizacion sencillo,0.0,102.0,0.0,65.64
herramienta portal clientes sencillo fidelizar clientes,0.0,101.0,0.0,27.37
software portal clientes fácil fidelizar clientes,0.0,101.0,0.0,30.35
software encuestas sencillo fidelizar clientes,0.0,101.0,0.0,59.67
para que sirve el double opt-in,0.0,101.0,0.0,71.83
encuestas de satisfaccion hoteles,0.0,100.0,0.0,29.16
solución portal clientes fácil fidelizar clientes,0.0,100.0,0.0,37.37
programa facturacion fácil fidelizar clientes,0.0,100.0,0.0,58.22
programa instaladores fidelizar clientes,0.0,100.0,0.0,72.57
programa instaladores fácil fidelizar clientes,0.0,99.0,0.0,36.6
plaza intranet,0.0,98.0,0.0,8.23
plantilla de marketing para hoteles,0.0,98.0,0.0,53.6
validación de emails,0.0,98.0,0.0,79.44
centralise data,0.0,98.0,0.0,82.56
plataforma de analítica para hoteles,0.0,97.0,0.0,7.89
hospitality marketing automation,0.0,97.0,0.0,30.74
atención al cliente digital para hoteles,0.0,97.0,0.0,37.27
estrategias de un hotel,0.0,97.0,0.0,40.29
analitica hoteles,0.0,96.0,0.0,8.77
software de upselling para hoteles,0.0,96.0,0.0,58.18
programa encuestas sencillo fidelizar clientes,0.0,96.0,0.0,68.62
solución fidelizacion sencillo,0.0,96.0,0.0,81.6
plataforma crm sencillo fidelizar clientes,0.0,96.0,0.0,84.41
crear pagina web para hotel,0.0,96.0,0.0,86.06
software portal clientes sencillo fidelizar clientes,0.0,95.0,0.0,32.61
sistema instaladores fácil fidelizar clientes,0.0,95.0,0.0,65.52
aplicación gestión fácil fidelizar clientes,0.0,95.0,0.0,76.52
tendecias futuras sector hotelero,0.0,94.0,0.0,9.86
estrategias de marketing para hoteles,0.0,94.0,0.0,43.16
software instaladores fácil fidelizar clientes,0.0,94.0,0.0,62.67
plataforma crm firma digital fidelizar clientes,0.0,94.0,0.0,66.61
estrategia de un hotel,0.0,94.0,0.0,85.61
chatbot para hoteles,0.0,93.0,0.0,23.71
estrategias de marketing hotelero,0.0,93.0,0.0,50.34
software encuestas fácil fidelizar clientes,0.0,93.0,0.0,54.15
tasa tu hotel,0.0,93.0,0.0,70.58
automatización para hoteles y hostelería,0.0,92.0,0.0,70.68
tasa de apertura de email,0.0,92.0,0.0,73.29
auditoria hotelera,0.0,91.0,0.0,16.3
acigrup pms integration,0.0,91.0,0.0,42.41
what is bookassist,0.0,91.0,0.0,74.3
software atención cliente fácil fidelizar clientes,0.0,91.0,0.0,80.08
keytel login,0.0,90.0,0.0,6.51
aplicación portal clientes sencillo fidelizar clientes,0.0,90.0,0.0,28.63
marketing estrategico para hoteles,0.0,90.0,0.0,42.66
software fácil fidelizar clientes,0.0,90.0,0.0,52.86
fidel api,0.0,90.0,0.0,61.44
herramienta facturacion fácil fidelizar clientes,0.0,89.0,0.0,45.28
marketing en hoteles para familias,0.0,89.0,0.0,51.72
aplicación fidelizacion fácil fidelizar clientes,0.0,88.0,0.0,50.08
canales de marketing más efectivo para hoteles independientes,0.0,88.0,0.0,60.53
estrategias de precios para hoteles,0.0,88.0,0.0,93.24
crm para hotelaria,0.0,87.0,0.0,16.47
plataforma encuestas centralizar la informacion,0.0,87.0,0.0,51.57
formularios de suscripción,0.0,87.0,0.0,64.36
analitica web para hoteles,0.0,86.0,0.0,8.83
instaladores fácil fidelizar clientes,0.0,86.0,0.0,69.06
programa portal clientes sencillo fidelizar clientes,0.0,85.0,0.0,25.01
aplicación fidelizacion fácil,0.0,85.0,0.0,71.87
loyaltymodul,0.0,85.0,0.0,93.75
roc hotels discount code,0.0,83.0,0.0,10.18
email marketing tasa de apertura,0.0,83.0,0.0,40.72
solución portal clientes sencillo fidelizar clientes,0.0,83.0,0.0,41.96
gestión de reputación de hoteles,0.0,83.0,0.0,65.06
programa gestión fácil fidelizar clientes,0.0,83.0,0.0,69.08
integración para hoteles,0.0,82.0,0.0,10.12
gestión de reseñas hotel,0.0,82.0,0.0,51.33
avalon pms integration,0.0,82.0,0.0,61.7
marketing digital palma de mallorca,0.0,82.0,0.0,75.52
blog para hoteles,0.0,81.0,0.0,34.68
blog hotelero,0.0,81.0,0.0,46.88
tuhotel,0.0,81.0,0.0,47.88
elementos clave del crm,0.0,81.0,0.0,66.57
solución portal clientes fidelizar clientes,0.0,81.0,0.0,71.15
blog influye en las las ventas,0.0,81.0,0.0,88.19
portal clientes sencillo fidelizar clientes,0.0,80.0,0.0,25.15
booking engine integration,0.0,80.0,0.0,26.49
aumentar ventas en hotel,0.0,80.0,0.0,31.3
portal clientes fácil fidelizar clientes,0.0,80.0,0.0,34.39
aplicación encuestas fácil fidelizar clientes,0.0,80.0,0.0,68.5
software encuestas fidelizar clientes,0.0,80.0,0.0,82.9
plataforma instaladores fácil fidelizar clientes,0.0,79.0,0.0,30.65
hospitality crm,0.0,79.0,0.0,47.0
aplicación fidelizacion sencillo,0.0,79.0,0.0,72.23
inteligencia artificial para hoteles,0.0,78.0,0.0,11.15
plan estratégico de marketing para un hotel,0.0,78.0,0.0,62.86
plataforma de fidelización en la nube,0.0,78.0,0.0,72.09
which booking engine integrates with crm?,0.0,77.0,0.0,3.58
demo auditorías,0.0,77.0,0.0,45.84
herramienta instaladores sencillo fidelizar clientes,0.0,77.0,0.0,75.0
aplicación encuestas sencillo fidelizar clientes,0.0,77.0,0.0,78.01
digital marketing mallorca,0.0,76.0,0.0,60.72
software marketing fácil fidelizar clientes,0.0,76.0,0.0,83.12
análisis de datos para hoteles,0.0,75.0,0.0,14.24
programa instaladores sencillo fidelizar clientes,0.0,75.0,0.0,29.84
plataforma gestión fácil fidelizar clientes,0.0,75.0,0.0,68.33
telefono fideltour,0.0,74.0,0.0,2.97
fidel loyalty,0.0,74.0,0.0,5.47
clientes no reservan online,0.0,74.0,0.0,12.72
sistema instaladores sencillo fidelizar clientes,0.0,74.0,0.0,46.89
mejora de tasa de apertura email,0.0,74.0,0.0,59.66
hotel satisfaction survey,0.0,74.0,0.0,72.38
hotel customer survey,0.0,74.0,0.0,74.38
agencia de marketing para hoteles,0.0,73.0,0.0,41.19
estrategias de publicidad para hoteles,0.0,73.0,0.0,63.47
estrategias modernas de marketing para hoteles,0.0,72.0,0.0,37.89
estrategias de marketing para promocionar un hotel,0.0,72.0,0.0,39.03
campañas de marketing digital para hoteles de lujo,0.0,72.0,0.0,56.17
sistema instaladores fidelizar clientes,0.0,72.0,0.0,58.03
fidel-api,0.0,72.0,0.0,59.74
software gestión fácil fidelizar clientes,0.0,72.0,0.0,77.64
software fidelizacion sencillo conseguir clientes,0.0,72.0,0.0,88.39
mejores programas fidelización hoteles españa,0.0,71.0,0.0,9.44
mejorar fidelización huéspedes hotel,0.0,71.0,0.0,10.8
crm for hotels,0.0,71.0,0.0,21.56
aplicación instaladores sencillo fidelizar clientes,0.0,71.0,0.0,53.17
direccion marketing hoteles,0.0,71.0,0.0,57.2
gestión de reputación de hotele,0.0,71.0,0.0,62.03
programa fidelizacion fácil,0.0,71.0,0.0,92.41
top whatsapp automation for boutique hotels in latin america,0.0,70.0,0.0,7.84
encuestas para huespedes de hoteles,0.0,70.0,0.0,9.01
herramienta portal clientes fácil fidelizar clientes,0.0,70.0,0.0,30.73
hotel web marketing,0.0,70.0,0.0,32.97
inbound marketing turistico,0.0,70.0,0.0,65.21
what are the various sources of data for crm database,0.0,70.0,0.0,74.03
software instaladores fidelizar clientes,0.0,70.0,0.0,77.27
solución fidelizacion fácil fidelizar clientes,0.0,70.0,0.0,81.51
encuestas centralizar la informacion,0.0,70.0,0.0,81.97
soluciones de reservas directas para hoteles,0.0,70.0,0.0,91.44
cómo diseñar una buena estrategia de marketing para un hotel,0.0,69.0,0.0,32.93
plan estrategico de marketing para un hotel,0.0,69.0,0.0,45.9
validacion de correo,0.0,69.0,0.0,46.55
aplicación fidelizacion sencillo fidelizar clientes,0.0,69.0,0.0,59.96
diseño web para hoteles orientado a ventas,0.0,68.0,0.0,63.46
integración de sistemas de reservas,0.0,68.0,0.0,69.22
crm fácil fidelizar clientes,0.0,68.0,0.0,74.79
crm para hoteles y conferencias,0.0,67.0,0.0,6.46
tour crm,0.0,67.0,0.0,34.06
dynamics crm hoteles,0.0,67.0,0.0,49.24
base de datos hoteles,0.0,67.0,0.0,76.48
herramienta gestión fácil fidelizar clientes,0.0,67.0,0.0,78.6
programa atención cliente fácil fidelizar clientes,0.0,67.0,0.0,81.4
vendas hotelaria,0.0,67.0,0.0,89.21
b2b hoteles,0.0,66.0,0.0,8.41
bi &,0.0,66.0,0.0,35.44
plataforma gestión sencillo fidelizar clientes,0.0,66.0,0.0,73.32
herramienta portal clientes fidelizar clientes,0.0,66.0,0.0,81.38
personalized hotel marketing automation tools sports,0.0,65.0,0.0,18.92
solución fidelizacion fácil centralizar la informacion,0.0,65.0,0.0,44.18
is bookassist a legit company,0.0,65.0,0.0,80.14
cómo atraer más clientes al hotel,0.0,65.0,0.0,81.94
crm 100,0.0,64.0,0.0,7.39
crm hotelaria,0.0,64.0,0.0,15.52
fidel jobs,0.0,64.0,0.0,40.61
estrategias de marketing para hoteles pequeños,0.0,64.0,0.0,72.56
b2b hotel portal,0.0,63.0,0.0,8.68
hotel analytics,0.0,63.0,0.0,9.59
inbound marketing specialist,0.0,63.0,0.0,18.98
aplicación fácil fidelizar clientes,0.0,63.0,0.0,75.03
plataforma encuestas fácil fidelizar clientes,0.0,63.0,0.0,75.68
estrategia digital hoteles,0.0,62.0,0.0,27.19
hotel crm software,0.0,62.0,0.0,49.95
plataforma hotelera,0.0,62.0,0.0,61.34
landing,0.0,61.0,0.0,1.64
hotel data analytics,0.0,61.0,0.0,7.13
alternativa creativa posicionamiento seo para hoteles,0.0,61.0,0.0,14.92
estrategia marketing para hoteles,0.0,61.0,0.0,37.82
mews integrations marketplace hotelero,0.0,61.0,0.0,38.28
distribución turística b2b,0.0,61.0,0.0,45.0
masteryield pms integration,0.0,61.0,0.0,64.34
hotel marketing en país,0.0,61.0,0.0,69.51
software fidelizacion fidelizar clientes,0.0,61.0,0.0,77.31
reservas multicanal para hoteles,0.0,61.0,0.0,80.8
inteligencia de datos hoteleros,0.0,60.0,0.0,12.78
ppc facebook para hoteles,0.0,60.0,0.0,45.68
tasa de apertura,0.0,60.0,0.0,63.32
plataforma facturación online fácil fidelizar clientes,0.0,60.0,0.0,71.9
estrategias de marketing de servicios para hoteles,0.0,59.0,0.0,13.02
loyalty guest,0.0,59.0,0.0,15.98
desarrollar un plan comemercial y de marketing para hoteles,0.0,59.0,0.0,23.2
solucion wifi para hoteles,0.0,59.0,0.0,63.56
total de aperturas únicas de correo electrónico,0.0,59.0,0.0,72.15
módulo crm,0.0,59.0,0.0,74.15
solución crm firma digital fidelizar clientes,0.0,59.0,0.0,75.07
ventas para hoteles,0.0,59.0,0.0,85.2
"¿qué plataforma gratuita para hoteles permite gestionar huéspedes, campañas 
de marketing y programas de fidelización?",0.0,58.0,0.0,7.67
publico objetivo de un hotel,0.0,58.0,0.0,46.0
plataforma gratuita hotelera crm marketing fidelización,0.0,57.0,0.0,1.07
push app,0.0,57.0,0.0,7.18
plan de marketing hotel,0.0,57.0,0.0,23.42
seo local hoteles,0.0,57.0,0.0,60.84
importancia comunicación post-estadía hoteles fidelización clientes,0.0,56.0,0.0,3.57
estrategias para mejorar fidelización de huéspedes en hoteles,0.0,56.0,0.0,7.75
tasa de apertura media de boletín informativo,0.0,56.0,0.0,60.09
portal cautivo hotel,0.0,55.0,0.0,5.24
etiquetas dinámicas,0.0,55.0,0.0,5.25
aplicación instaladores fidelizar clientes,0.0,55.0,0.0,78.49
importancia follow-up post estancia hoteles fidelización clientes,0.0,54.0,0.0,8.89
tendencias hoteleras,0.0,54.0,0.0,11.93
black friday hotel barcelona,0.0,54.0,0.0,26.19
plan de marketing para un hotel ecologico,0.0,54.0,0.0,38.41
sistema portal clientes sencillo fidelizar clientes,0.0,54.0,0.0,45.37
plantilla marketing que incluye todo para hoteles,0.0,54.0,0.0,52.2
guía google hotel ads,0.0,54.0,0.0,69.8
menú de rooftop garden - el palace barcelona,0.0,53.0,0.0,9.87
ejemplos de estrategias de marketing para un hotel,0.0,53.0,0.0,39.94
solución fidelizacion sencillo fidelizar clientes,0.0,53.0,0.0,73.57
hoteles black friday barcelo,0.0,53.0,0.0,81.26
kubiwifi,0.0,52.0,0.0,6.21
software instaladores sencillo fidelizar clientes,0.0,52.0,0.0,42.21
estrategias de marketing para pequeños hoteles,0.0,52.0,0.0,73.62
b2b hotel sales platform,0.0,51.0,0.0,3.69
hospitality push notifications,0.0,51.0,0.0,10.02
tendencias hotel,0.0,51.0,0.0,11.57
hotel b2b sales crm,0.0,51.0,0.0,11.9
crm turistico,0.0,51.0,0.0,43.47
frecuencia email marketing,0.0,51.0,0.0,73.8
crm firma digital fidelizar clientes,0.0,51.0,0.0,78.76
aplicación atención cliente fácil fidelizar clientes,0.0,51.0,0.0,79.92
software gestión sencillo fidelizar clientes,0.0,51.0,0.0,82.22
crm tour,0.0,50.0,0.0,39.04
inbound marketing para la industria del turismo,0.0,50.0,0.0,63.98
aplicación sencillo fidelizar clientes,0.0,50.0,0.0,92.66
optimización web para hoteles,0.0,49.0,0.0,37.55
email marketing journey,0.0,49.0,0.0,75.31
chatbot hotelero,0.0,48.0,0.0,21.9
marketing automatisé tours,0.0,48.0,0.0,47.75
building hotel loyalty program,0.0,48.0,0.0,89.35
inbound marketing tenerife,0.0,48.0,0.0,91.67
marketing automation hotel,0.0,47.0,0.0,15.26
crm hotels,0.0,47.0,0.0,24.26
fidel sistema,0.0,47.0,0.0,25.51
marketing online hoteles tenerife,0.0,47.0,0.0,45.96
solución crm fácil fidelizar clientes,0.0,47.0,0.0,59.55
instaladores sencillo fidelizar clientes,0.0,47.0,0.0,73.04
que es el double opt-in,0.0,47.0,0.0,81.36
auditoria hotel,0.0,46.0,0.0,32.91
ventajas de una landing page,0.0,46.0,0.0,35.15
marketing hotel,0.0,46.0,0.0,42.46
crm tours,0.0,46.0,0.0,45.78
programa fidelizacion sencillo,0.0,46.0,0.0,85.3
cdp hotel,0.0,45.0,0.0,6.53
el club de la plaza,0.0,45.0,0.0,8.42
what is a cdp hospitality industry,0.0,45.0,0.0,9.69
best cdp for hotels,0.0,45.0,0.0,16.0
motores de reserva para hoteles,0.0,45.0,0.0,19.33
marketing mix para un hotel,0.0,45.0,0.0,53.38
herramienta encuestas fácil fidelizar clientes,0.0,45.0,0.0,80.91
software fidelizacion fácil conseguir clientes,0.0,45.0,0.0,88.13
tasas de apertura,0.0,45.0,0.0,94.98
manual de marketing on-line para hoteles y alojamientos rurales,0.0,44.0,0.0,30.95
fidelizacion fácil centralizar la informacion,0.0,44.0,0.0,47.98
para que sirve segmentar clientes,0.0,44.0,0.0,58.36
programa crm fácil fidelizar clientes,0.0,44.0,0.0,85.73
site:infoturlatam.com,0.0,44.0,0.0,139.95
hoteles wasa,0.0,43.0,0.0,22.4
noray pms integration,0.0,43.0,0.0,42.4
maketing para hoteles,0.0,43.0,0.0,52.07
soluciones wifi para hoteles,0.0,43.0,0.0,59.58
e-marketing digital palma de mallorca,0.0,43.0,0.0,76.51
aplicación gestión sencillo fidelizar clientes,0.0,43.0,0.0,81.81
motor de reservas de actividades,0.0,43.0,0.0,90.6
inteligencia artificial hoteles,0.0,42.0,0.0,13.07
marketing para hoteles en huesca,0.0,42.0,0.0,34.48
ulyses cloud pms integration,0.0,42.0,0.0,37.57
consultoria crm para hoteleria y turismo,0.0,42.0,0.0,68.93
sistema encuestas fácil fidelizar clientes,0.0,42.0,0.0,72.02
elguest,0.0,42.0,0.0,78.19
programa gestión sencillo fidelizar clientes,0.0,42.0,0.0,84.69
"personalized hotel marketing automation 
tools*b2ff8e7c-30a9-4499-a47e-7775cf954cc4",0.0,41.0,0.0,5.88
comunica sms,0.0,41.0,0.0,11.37
¿cuáles son las mejores estrategias de marketing digital para hoteles?,0.0,41.0,0.0,11.61
guest loyalty,0.0,41.0,0.0,25.22
auditoria de un hotel,0.0,41.0,0.0,32.51
wtm,0.0,41.0,0.0,38.07
site:https://fideltour.com,0.0,41.0,0.0,44.9
quohotel pms,0.0,41.0,0.0,61.07
solución fidelizacion fácil,0.0,41.0,0.0,74.83
plantilla email marketing ideal para hoteles,0.0,40.0,0.0,70.78
mejora de hoteles,0.0,40.0,0.0,73.05
auditoria web gratuita,0.0,40.0,0.0,75.33
email marketing turismo,0.0,40.0,0.0,76.55
hotel roc portonova,0.0,40.0,0.0,81.85
programas fidelidad apuestas,0.0,40.0,0.0,90.08
consultoría y gestión comercial para hoteles,0.0,40.0,0.0,91.05
psara hoteles,0.0,39.0,0.0,16.46
plantilla calendario de marketing para hoteles,0.0,39.0,0.0,31.18
plataforma fidelizacion sencillo fidelizar clientes,0.0,39.0,0.0,33.69
plataforma portal clientes fácil fidelizar clientes,0.0,39.0,0.0,68.46
plataforma crm gestion fidelizar clientes,0.0,39.0,0.0,71.05
total de aperturas de correo electrónico,0.0,39.0,0.0,73.18
alannia club registrarse,0.0,38.0,0.0,8.34
plaza club,0.0,38.0,0.0,11.24
roiback,0.0,38.0,0.0,17.84
www fidel,0.0,38.0,0.0,22.5
mejores integraciones para hoteles,0.0,38.0,0.0,41.63
sistema portal clientes fidelizar clientes,0.0,38.0,0.0,58.87
herramientas marketing hotelero,0.0,38.0,0.0,73.13
beneficios de una landing page,0.0,38.0,0.0,77.53
fácil fidelizar clientes,0.0,38.0,0.0,82.37
whatsapp de hoteles,0.0,37.0,0.0,4.62
booking engine integrates with crm,0.0,37.0,0.0,6.49
club alannia,0.0,37.0,0.0,13.84
hotel landing,0.0,37.0,0.0,18.51
black friday hotel deals barcelona,0.0,37.0,0.0,36.81
hotel b2b,0.0,37.0,0.0,47.89
solución encuestas centralizar la informacion,0.0,37.0,0.0,55.95
plataforma portal clientes sencillo fidelizar clientes,0.0,37.0,0.0,61.27
solución instaladores sencillo fidelizar clientes,0.0,37.0,0.0,69.54
fidelize seus hóspedes,0.0,37.0,0.0,71.92
internet hotspot - log in,0.0,36.0,0.0,8.83
hotel marketing automation platform,0.0,36.0,0.0,22.08
sistema gestión fácil fidelizar clientes,0.0,36.0,0.0,80.28
agencia de marketing digital hotelero,0.0,36.0,0.0,82.53
bookasist,0.0,35.0,0.0,6.63
hotéis wi-fi grátis,0.0,35.0,0.0,18.14
marketing hoteleria,0.0,35.0,0.0,22.91
crm for hotell,0.0,35.0,0.0,24.63
crm en hoteleria,0.0,35.0,0.0,33.94
garden hotels en mallorca,0.0,35.0,0.0,65.49
mercado hotelero,0.0,35.0,0.0,68.57
crm tenerife,0.0,35.0,0.0,73.57
guest satisfaction survey,0.0,35.0,0.0,73.77
programa marketing fácil fidelizar clientes,0.0,35.0,0.0,77.51
herramienta instaladores fácil fidelizar clientes,0.0,35.0,0.0,79.51
crear pagina web para hoteles,0.0,35.0,0.0,80.03
loyalty program landing page,0.0,35.0,0.0,80.97
software atención cliente sencillo fidelizar clientes,0.0,35.0,0.0,85.11
tendencias hoteleras actuales,0.0,34.0,0.0,3.35
mexico grand hotels login,0.0,34.0,0.0,8.5
estrategias de marketing hotelero españa,0.0,34.0,0.0,8.74
plataforma instaladores sencillo fidelizar clientes,0.0,34.0,0.0,37.56
keytel travel agency,0.0,34.0,0.0,43.88
solución crm gestion fácil fidelizar clientes,0.0,34.0,0.0,57.35
solución encuestas fácil fidelizar clientes,0.0,34.0,0.0,61.68
ventas directas y marketing,0.0,34.0,0.0,61.88
encuestas fácil fidelizar clientes,0.0,34.0,0.0,69.03
programa encuestas centralizar la informacion,0.0,34.0,0.0,71.82
surveys for free hotel stays,0.0,34.0,0.0,74.71
plataforma portal clientes fidelizar clientes,0.0,34.0,0.0,76.41
agencia de marketing digital para hoteles,0.0,34.0,0.0,79.35
crm para oficinas de turismo,0.0,34.0,0.0,91.5
http chap,0.0,33.0,0.0,5.97
hotel digital presence management,0.0,33.0,0.0,9.48
"¿cómo mejorar la fidelización de huéspedes y aumentar las reservas directas 
sin depender de intermediarios?",0.0,33.0,0.0,10.09
captive portal wifi provider,0.0,33.0,0.0,26.91
marketing for hotel,0.0,33.0,0.0,28.18
mercado objetivo de un hotel,0.0,33.0,0.0,31.33
errores al usar un crm,0.0,33.0,0.0,58.82
solución crm sencillo fidelizar clientes,0.0,33.0,0.0,61.15
plataforma crm gestion fácil fidelizar clientes,0.0,33.0,0.0,78.0
tasa de apertura email,0.0,33.0,0.0,81.7
sistema fidelizacion sencillo,0.0,33.0,0.0,82.21
experiencia del huésped del futuro,0.0,33.0,0.0,82.36
crm bebidas,0.0,33.0,0.0,92.36
etiqueta dinámica,0.0,32.0,0.0,6.16
keytel mobile,0.0,32.0,0.0,8.78
solución fidelizacion sencillo centralizar la informacion,0.0,32.0,0.0,49.78
manage captive portal,0.0,32.0,0.0,63.34
loyalty module,0.0,32.0,0.0,72.53
customer loyalty team,0.0,32.0,0.0,86.62
produktly,0.0,31.0,0.0,18.39
fideliza,0.0,31.0,0.0,50.81
plan de marketing de un hotel,0.0,31.0,0.0,56.0
plataforma facturación online sencillo fidelizar clientes,0.0,31.0,0.0,67.71
fidelizacion sencillo fidelizar clientes,0.0,31.0,0.0,73.48
solución encuestas sencillo fidelizar clientes,0.0,31.0,0.0,74.35
crm sencillo fidelizar clientes,0.0,31.0,0.0,74.61
roiback.com,0.0,31.0,0.0,76.77
plataforma facturacion fácil fidelizar clientes,0.0,31.0,0.0,78.06
crm málaga,0.0,31.0,0.0,93.48
por qué los asuntos de emails tienen bajas tasas de apertura,0.0,30.0,0.0,5.4
marketing en hoteles,0.0,30.0,0.0,43.3
travel marketing automation,0.0,30.0,0.0,51.87
optimización de landing pages torrevieja,0.0,30.0,0.0,59.97
beneficios landing page,0.0,30.0,0.0,68.03
sistema fidelizacion fácil,0.0,30.0,0.0,78.13
servicio de atención al cliente digital para hoteles,0.0,30.0,0.0,79.67
encuestas de marketing para clientes,0.0,30.0,0.0,87.03
personalized hotel marketing automation toolssports,0.0,29.0,0.0,6.66
digitalagentur hotel,0.0,29.0,0.0,11.48
hotel b2b crm,0.0,29.0,0.0,19.9
marketing online hotelero,0.0,29.0,0.0,34.21
sistema fidelizacion fácil centralizar la informacion,0.0,29.0,0.0,54.9
hotel satisfaction survey questions,0.0,29.0,0.0,56.41
crm para tablet,0.0,29.0,0.0,59.03
fidelización discotecas,0.0,29.0,0.0,73.86
crm gestion fácil fidelizar clientes,0.0,29.0,0.0,76.24
timonhotel,0.0,29.0,0.0,76.24
mercadotecnia hoteles,0.0,29.0,0.0,82.28
automatización hotelera,0.0,29.0,0.0,85.59
reservas directas hotel,0.0,29.0,0.0,86.31
herramienta fidelizacion sencillo fidelizar clientes,0.0,29.0,0.0,86.55
que es landing,0.0,28.0,0.0,1.0
por qué los asuntos de email tienen bajas tasas de apertura,0.0,28.0,0.0,2.57
cloudbeds support,0.0,28.0,0.0,11.96
integracion pms hotel,0.0,28.0,0.0,14.71
rooftop garden,0.0,28.0,0.0,26.96
como segmentar los clientes,0.0,28.0,0.0,50.25
programa de fidelización whatsapp,0.0,28.0,0.0,52.39
calidad en gestion hotelera baleares,0.0,28.0,0.0,66.0
marketing digital hoteles canarias,0.0,28.0,0.0,66.46
crm malaga,0.0,28.0,0.0,72.57
gestionar comentarios hoteles,0.0,28.0,0.0,74.43
calculamos el valor de tu hotel,0.0,28.0,0.0,80.11
solución instaladores fácil fidelizar clientes,0.0,28.0,0.0,82.57
markenentwicklung hotellerie,0.0,28.0,0.0,107.79
internet hotspot - login,0.0,27.0,0.0,7.33
team plaza,0.0,27.0,0.0,7.59
friendlyes,0.0,27.0,0.0,10.04
cuestionario hotel,0.0,27.0,0.0,33.33
وسائل التواصل الاجتماعي للفنادق,0.0,27.0,0.0,41.11
guest loyalty program,0.0,27.0,0.0,46.67
landing page b2b,0.0,27.0,0.0,51.96
tus encuestas,0.0,27.0,0.0,54.78
b2b hotel,0.0,27.0,0.0,58.48
plataforma partes de trabajo fácil fidelizar clientes,0.0,27.0,0.0,60.22
formulario de suscripcion,0.0,27.0,0.0,65.48
ventas en el sector hotelero,0.0,27.0,0.0,77.81
evento marketing digital para hoteles,0.0,27.0,0.0,90.63
cómo conseguir más reservas directas,0.0,27.0,0.0,92.04
logiciels centralisation données clients hôteliers pms + cdp 2025 2026,0.0,26.0,0.0,1.23
"estrategias fidelización huéspedes hotel aumentar reservas directas 2025 
2026",0.0,26.0,0.0,4.73
mejor software hotelero gratuito con crm y loyalty 2026,0.0,26.0,0.0,8.19
marketing web para hotéis,0.0,26.0,0.0,12.58
marketing experiencial en hoteles,0.0,26.0,0.0,29.15
connecting your data,0.0,26.0,0.0,58.73
programas de fidelización con whatsapp,0.0,26.0,0.0,60.73
sistema fácil fidelizar clientes,0.0,26.0,0.0,66.85
redes sociais para hotéis,0.0,26.0,0.0,72.81
sencillo fidelizar clientes,0.0,26.0,0.0,86.88
tasa de apertura de correo electrónico,0.0,26.0,0.0,94.27
regístrate gratis,0.0,25.0,0.0,7.52
crm for hotel,0.0,25.0,0.0,18.0
crm in hotel,0.0,25.0,0.0,25.44
hotelero,0.0,25.0,0.0,40.84
fidelizacion sencillo centralizar la informacion,0.0,25.0,0.0,44.44
crm software hotel,0.0,25.0,0.0,47.68
validación de datos de contacto,0.0,25.0,0.0,60.32
estrategias de marketing offline para un hotel,0.0,25.0,0.0,68.24
tecnologías que necesita un hotel para distribuir marketing,0.0,25.0,0.0,68.68
marketing de ventas directas,0.0,25.0,0.0,70.88
aplicación facturacion fácil fidelizar clientes,0.0,25.0,0.0,78.32
herramienta crm firma digital fidelizar clientes,0.0,25.0,0.0,89.0
how to increase customer loyalty in hotel,0.0,25.0,0.0,90.84
hotel sustainability data centralization tools,0.0,24.0,0.0,1.29
landingpages,0.0,24.0,0.0,35.54
hotel marketing automation strategies,0.0,24.0,0.0,42.0
correos envios gratuitos a la palma,0.0,24.0,0.0,48.75
formulario de suscripción,0.0,24.0,0.0,51.33
inbound marketing para turismo,0.0,24.0,0.0,63.17
marketing hotelero mallorca,0.0,24.0,0.0,74.0
landing page viajes,0.0,24.0,0.0,78.88
aplicación marketing fácil fidelizar clientes,0.0,24.0,0.0,83.54
plataforma de fidelización ecommerce,0.0,24.0,0.0,90.04
programa sencillo fidelizar clientes,0.0,24.0,0.0,93.79
internethotspot.link,0.0,23.0,0.0,6.13
plataforma fidelizacion fidelizar clientes,0.0,23.0,0.0,60.3
sistema facturacion fácil fidelizar clientes,0.0,23.0,0.0,80.78
programa facturacion fidelizar clientes,0.0,23.0,0.0,89.3
test publicitario,0.0,23.0,0.0,95.74
cdp hospitality,0.0,22.0,0.0,16.36
marketing-automation für hotels,0.0,22.0,0.0,28.55
proyectos innovadores para hoteles,0.0,22.0,0.0,65.05
hotel internet,0.0,22.0,0.0,68.91
big data hotel,0.0,22.0,0.0,72.05
marketing fácil fidelizar clientes,0.0,22.0,0.0,72.18
hotel customer satisfaction survey questions,0.0,22.0,0.0,77.68
sistema fidelizacion fidelizar clientes,0.0,22.0,0.0,83.68
plataforma soporte centralizar la informacion,0.0,22.0,0.0,85.59
regalos de fidelización,0.0,22.0,0.0,91.59
soporte b2b,0.0,22.0,0.0,96.82
butterfly captive portal hotel wifi authentication company,0.0,21.0,0.0,6.33
chat online para hoteles,0.0,21.0,0.0,13.19
wtm 2023,0.0,21.0,0.0,13.43
captive portal,0.0,21.0,0.0,18.9
cómo mejorar reseñas online,0.0,21.0,0.0,51.33
que es segmentar a los clientes,0.0,21.0,0.0,64.81
spf registro,0.0,21.0,0.0,68.19
hotel guest satisfaction survey questions,0.0,21.0,0.0,75.0
hotel feedback survey,0.0,21.0,0.0,83.24
análisis de competencia en alojamientos,0.0,21.0,0.0,88.62
importancia de la comunicación post-estancia en hoteles retención clientes,0.0,20.0,0.0,4.55
activecampaign pms integration hotel,0.0,20.0,0.0,6.5
cdp hospitality meaning,0.0,20.0,0.0,7.55
marketing automation for hospitality,0.0,20.0,0.0,15.85
tendencias hoteles,0.0,20.0,0.0,25.75
fideljobs,0.0,20.0,0.0,29.45
la guia definitiva para crecer en serio,0.0,20.0,0.0,45.55
solución email marketing centralizar la informacion,0.0,20.0,0.0,53.4
partner zoho castellon,0.0,20.0,0.0,58.1
javier hita,0.0,20.0,0.0,62.4
herramienta crm fácil fidelizar clientes,0.0,20.0,0.0,67.7
solución marketing sencillo fidelizar clientes,0.0,20.0,0.0,73.45
analítica digital mallorca,0.0,20.0,0.0,80.1
fidelizacion fácil fidelizar clientes,0.0,20.0,0.0,82.0
branding para hoteles,0.0,20.0,0.0,83.05
convertimos a los clientes en fans de tu marca,0.0,20.0,0.0,89.35
que es landing page,0.0,19.0,0.0,1.0
proveedores diseño web hotelero integración motores reservas,0.0,19.0,0.0,6.21
marketing automation improve hotel loyalty program marketing,0.0,19.0,0.0,6.37
internet hotspot-login,0.0,19.0,0.0,7.16
plan marketing hotel,0.0,19.0,0.0,48.74
noray pms,0.0,19.0,0.0,50.84
equipamiento para comunicación hotelero,0.0,19.0,0.0,52.79
inbound marketing mallorca,0.0,19.0,0.0,61.63
plataforma marketing fácil fidelizar clientes,0.0,19.0,0.0,65.37
branding hotelero,0.0,19.0,0.0,65.84
hotel marketing agency email,0.0,19.0,0.0,70.0
gestion integral de marketing hotelero,0.0,19.0,0.0,75.42
plataforma fidelizacion sencillo centralizar la informacion,0.0,19.0,0.0,76.84
sistema facturacion electronica fácil fidelizar clientes,0.0,19.0,0.0,78.79
activaciones de marca en hoteles,0.0,19.0,0.0,80.37
software facturacion fácil fidelizar clientes,0.0,19.0,0.0,81.05
automatizacion procesos turisticos,0.0,19.0,0.0,86.53
herramienta gestión sencillo fidelizar clientes,0.0,19.0,0.0,87.84
butterfly captive portal hotel wi-fi authentication company,0.0,18.0,0.0,7.61
"plataforma gratuita para hoteles gestión huéspedes campañas marketing 
fidelización",0.0,18.0,0.0,8.94
guest journey,0.0,18.0,0.0,9.39
отели в ватсапе,0.0,18.0,0.0,13.61
integraciones hoteleras,0.0,18.0,0.0,14.67
agencia de marekting para hoteles,0.0,18.0,0.0,42.0
investigación de mercado para hoteles,0.0,18.0,0.0,42.94
copywriting mallorca,0.0,18.0,0.0,60.0
campañas multicanal en baleares,0.0,18.0,0.0,64.5
landing page politica,0.0,18.0,0.0,65.0
tecnologías para el marketing de un hotel,0.0,18.0,0.0,65.5
marketing hotelero,0.0,18.0,0.0,66.5
plataforma facturación online fidelizar clientes,0.0,18.0,0.0,78.39
hotel satisfaction questionnaire,0.0,18.0,0.0,81.61
razones baja tasa apertura clics emails no segmentados 2025 or 2026,0.0,17.0,0.0,3.53
push hotel,0.0,17.0,0.0,3.65
fideldidu,0.0,17.0,0.0,5.65
hotel marketing automation campaigns,0.0,17.0,0.0,17.24
online marketing hotellerie,0.0,17.0,0.0,29.82
plataforma fidelizacion fácil centralizar la informacion,0.0,17.0,0.0,32.12
estartegias de marketing offline para un hotel,0.0,17.0,0.0,57.0
hotel customer satisfaction survey,0.0,17.0,0.0,59.29
hotel metasearch marketing,0.0,17.0,0.0,71.24
campañas automatizadas,0.0,17.0,0.0,72.71
herramienta crm gestion fácil fidelizar clientes,0.0,17.0,0.0,76.12
estrategias de fidelizacion marketing,0.0,17.0,0.0,81.94
sistema wifi hotel,0.0,17.0,0.0,84.47
landing pages en canelones,0.0,17.0,0.0,85.71
plataforma fidelizacion sencillo conseguir clientes,0.0,17.0,0.0,89.94
landing que es,0.0,16.0,0.0,1.62
landing pages,0.0,16.0,0.0,1.69
intranet plaza,0.0,16.0,0.0,5.69
landing page ventajas,0.0,16.0,0.0,6.75
hotel wifi portal,0.0,16.0,0.0,7.94
alannia club,0.0,16.0,0.0,8.69
pms integration capabilities,0.0,16.0,0.0,13.56
segmentación hotelera,0.0,16.0,0.0,23.0
hotel marketing automation analytics,0.0,16.0,0.0,23.25
crm voor hotels,0.0,16.0,0.0,26.19
marketing automation für hotel,0.0,16.0,0.0,27.81
hotspot log in,0.0,16.0,0.0,53.06
marketing sencillo fidelizar clientes,0.0,16.0,0.0,67.88
aplicación facturacion electronica fácil fidelizar clientes,0.0,16.0,0.0,69.75
marketing digital para hoteis,0.0,16.0,0.0,72.88
solución marketing fácil fidelizar clientes,0.0,16.0,0.0,73.75
sistema portal clientes fácil fidelizar clientes,0.0,16.0,0.0,77.88
marketing de segmentos,0.0,16.0,0.0,81.31
gestión de consentimientos,0.0,16.0,0.0,82.12
guest loyalty programs in hotels,0.0,16.0,0.0,82.38
sistema sencillo fidelizar clientes,0.0,16.0,0.0,82.38
registro spf dns,0.0,16.0,0.0,90.38
aplicación facturación online fácil fidelizar clientes,0.0,16.0,0.0,90.88
programa crm firma digital fidelizar clientes,0.0,16.0,0.0,91.94
landing page ejemplos,0.0,15.0,0.0,1.0
landings,0.0,15.0,0.0,6.4
gina web â,0.0,15.0,0.0,9.4
hotel b2b sales,0.0,15.0,0.0,15.8
hotel marketing automation services,0.0,15.0,0.0,17.47
rooftop garden - el palace barcelona,0.0,15.0,0.0,20.07
hotel marketing automation implementation,0.0,15.0,0.0,26.93
bookassist booking engine,0.0,15.0,0.0,41.6
consultoria turistica restaurantes baleares,0.0,15.0,0.0,50.8
estrategias para tu hotel,0.0,15.0,0.0,53.27
sistema fidelizacion sencillo centralizar la informacion,0.0,15.0,0.0,56.93
programa de fidelizacion whatsapp,0.0,15.0,0.0,57.0
formulario de suscripcion newsletter,0.0,15.0,0.0,58.53
como mejorar la reputacion online,0.0,15.0,0.0,62.27
programa fidelizacion fidelizar clientes,0.0,15.0,0.0,66.73
encuesta fechas,0.0,15.0,0.0,74.53
solución atención cliente sencillo fidelizar clientes,0.0,15.0,0.0,76.93
obtener un opt-in,0.0,15.0,0.0,77.93
publicidad de un hotel,0.0,15.0,0.0,80.93
crm para agencia de viagem,0.0,15.0,0.0,83.27
aplicación fidelizacion sencillo conseguir clientes,0.0,15.0,0.0,93.13
software fidelizar clientes,0.0,15.0,0.0,94.0
marketing palma de mallorca,0.0,15.0,0.0,94.33
site:fideltour.com,0.0,14.0,0.0,1.0
"¿cómo puede la automatización de marketing ayudar a gestionar reservas en 
alojamientos turísticos?. my location is spain.",0.0,14.0,0.0,5.21
hotel push,0.0,14.0,0.0,5.93
keytel portugal,0.0,14.0,0.0,7.5
"razones por las que los hoteles pierden clientes recurrentes comunicación 
personalizada",0.0,14.0,0.0,8.14
mejorar fidelización de huéspedes en hotelería programas de lealtad,0.0,14.0,0.0,8.5
digital customer service pentru hoteluri,0.0,14.0,0.0,17.64
software ia hotel,0.0,14.0,0.0,19.86
job day uib,0.0,14.0,0.0,22.5
hotel+crm,0.0,14.0,0.0,24.14
casos de éxito en hostelería,0.0,14.0,0.0,33.0
mejores suites marketing digital,0.0,14.0,0.0,33.0
tecnicas upselling hotel,0.0,14.0,0.0,33.57
captive portal service provider,0.0,14.0,0.0,52.79
segmentar el marketing,0.0,14.0,0.0,68.71
hotel email marketing,0.0,14.0,0.0,70.0
aplicación partes de trabajo fácil fidelizar clientes,0.0,14.0,0.0,72.14
hotel el palace barcelona menu,0.0,14.0,0.0,76.36
mensajes de texto masivos para hoteles,0.0,14.0,0.0,78.14
estrategias de ventas en un hotel ejemplos,0.0,14.0,0.0,85.36
automatización de servicios hoteleros,0.0,14.0,0.0,86.0
herramienta fidelizacion sencillo conseguir clientes,0.0,14.0,0.0,89.86
aplicación crm fácil fidelizar clientes,0.0,14.0,0.0,91.07
landing pages en pando,0.0,14.0,0.0,92.79
copywriting para hoteles,0.0,14.0,0.0,98.14
estrategia de ventas directas,0.0,14.0,0.0,99.0
app push,0.0,13.0,0.0,6.0
http-chap,0.0,13.0,0.0,6.0
mejores programas fidelización hoteles españa 2026,0.0,13.0,0.0,6.31
what is a cdp in hospitality industry,0.0,13.0,0.0,6.38
booking engines that integrate with crm,0.0,13.0,0.0,8.08
booking com api integration,0.0,13.0,0.0,11.77
promoción de servicios hoteleros,0.0,13.0,0.0,13.69
loyalty audit,0.0,13.0,0.0,13.85
ia hoteles,0.0,13.0,0.0,14.69
venta directa hotel,0.0,13.0,0.0,15.08
rooftop garden el palace barcelona,0.0,13.0,0.0,18.15
chat para hoteles,0.0,13.0,0.0,19.15
fidelizacion hoteles,0.0,13.0,0.0,20.54
hotel marketing automation solutions,0.0,13.0,0.0,22.23
marketing automation im hotel,0.0,13.0,0.0,27.92
login hotspot,0.0,13.0,0.0,32.46
online check in acigrup,0.0,13.0,0.0,41.69
hotel marketing digital estratégico,0.0,13.0,0.0,44.0
evento seo para hoteles,0.0,13.0,0.0,46.31
modulo crm,0.0,13.0,0.0,55.77
sistema marketing fácil fidelizar clientes,0.0,13.0,0.0,65.85
inbound marketing hotels,0.0,13.0,0.0,67.62
competencia hotelera,0.0,13.0,0.0,69.08
atención cliente fácil fidelizar clientes,0.0,13.0,0.0,71.46
solución fácil fidelizar clientes,0.0,13.0,0.0,71.92
pricing hotelero,0.0,13.0,0.0,78.38
crear pagina web para un hotel,0.0,13.0,0.0,79.23
hotel loyalty programmes,0.0,13.0,0.0,80.92
video marketing para hoteles,0.0,13.0,0.0,81.0
crm gestion fidelizar clientes,0.0,13.0,0.0,81.46
marketing automation for travel,0.0,13.0,0.0,83.54
reservas multi-canal para hoteles,0.0,13.0,0.0,84.23
aplicación crm sencillo fidelizar clientes,0.0,13.0,0.0,87.46
sistema fidelización clientes,0.0,13.0,0.0,88.08
programa fidelizacion sencillo fidelizar clientes,0.0,13.0,0.0,90.15
hotel feedback questions,0.0,13.0,0.0,91.54
marketing za hotele,0.0,13.0,0.0,92.38
hotspot server,0.0,12.0,0.0,4.5
hotel whatsapp messaging,0.0,12.0,0.0,5.5
"¿qué ventajas ofrece la automatización de marketing para mejorar la 
experiencia del cliente en alojamientos?. my location is spain.",0.0,12.0,0.0,6.0
plaza member,0.0,12.0,0.0,6.25
hotel sms,0.0,12.0,0.0,6.92
hotel chain loyalty booking engine crm integration,0.0,12.0,0.0,7.5
chatbot para hotel,0.0,12.0,0.0,7.67
voxassist,0.0,12.0,0.0,7.67
keytell,0.0,12.0,0.0,8.0
herramientas para automatizar consultas de huéspedes por whatsapp,0.0,12.0,0.0,8.5
mejores prácticas integración datos huéspedes hotel pms crm,0.0,12.0,0.0,14.58
funnel tofu/mofu/bofu genéricas vs. con intención de compra .,0.0,12.0,0.0,15.67
automation hotel marketing,0.0,12.0,0.0,17.08
mas fidel,0.0,12.0,0.0,18.33
hotel marketing automation platforms,0.0,12.0,0.0,18.5
zona encuestas,0.0,12.0,0.0,19.42
automated hotel marketing,0.0,12.0,0.0,19.75
crm hotellerie,0.0,12.0,0.0,20.0
el hotelero,0.0,12.0,0.0,20.08
publicidad online para hoteles,0.0,12.0,0.0,21.08
programa fidelizacion fácil centralizar la informacion,0.0,12.0,0.0,31.42
como crear landing pages,0.0,12.0,0.0,35.67
wtm travel,0.0,12.0,0.0,38.25
cdp for hospitality,0.0,12.0,0.0,40.17
hotel don fidel,0.0,12.0,0.0,44.58
hotel marketing solution,0.0,12.0,0.0,49.92
hotel crm system,0.0,12.0,0.0,50.0
crm elegir,0.0,12.0,0.0,50.5
crm tourismus,0.0,12.0,0.0,50.83
survey hotel,0.0,12.0,0.0,54.08
world travel market 2023,0.0,12.0,0.0,56.58
plataforma fidelizacion fácil fidelizar clientes,0.0,12.0,0.0,56.92
vendas em hoteis,0.0,12.0,0.0,58.33
tourismus crm,0.0,12.0,0.0,60.17
cliente fidelizado,0.0,12.0,0.0,61.83
plataforma atención cliente fácil fidelizar clientes,0.0,12.0,0.0,62.5
estrategias de marketing para un hotel,0.0,12.0,0.0,66.75
auditoria de seguridad informatica para hoteles,0.0,12.0,0.0,73.58
marketing a hoteles,0.0,12.0,0.0,78.83
spay marketing para hotel,0.0,12.0,0.0,81.0
software marketing sencillo fidelizar clientes,0.0,12.0,0.0,85.92
hotspot wifi login,0.0,12.0,0.0,86.92
solución sencillo fidelizar clientes,0.0,12.0,0.0,93.92
posicionamiento avanzado mallorca,0.0,12.0,0.0,94.58
